method,mean_servers,std_servers,min_servers,max_servers,n_days
fixed,63.614583333333336,0.0,63.614583333333336,63.614583333333336,267
queue_greedy,17.747308052434455,0.70057601778431,16.1875,19.802083333333332,267
price_aware_greedy,17.745630461922598,0.7005870371159094,16.21875,19.78125,267
dqn,16.983107053682897,0.6894643493948335,15.302083333333334,18.802083333333332,267
aci_dqn,20.788545568039947,1.3914296131955681,16.697916666666668,23.729166666666668,267
dtaci_dqn,19.72425093632959,0.6902867672090155,17.791666666666668,21.6875,267
