method,label,total_cost,elec_cost,qos_cost,avg_servers,avg_util,P1_violations,P2_violations,P3_violations,P3_completed,total_P3
fixed,Fixed,907.7062683064912,902.1062683064913,0.0,63.614583333333336,0.4224746178108048,0.0,0.0,0.0,447.0,447.0
queue_greedy,Queue-Greedy,862.5501953682768,749.3501953682769,0.0,27.604166666666668,0.9832983622791874,0.0,0.0,0.0,445.0,447.0
price_aware_greedy,Price-Greedy,850.1079473826323,740.3079473826323,0.0,27.260416666666668,0.9920578185662167,0.0,0.0,0.0,445.0,447.0
dqn,DQN,896.3368210786706,871.7368210786707,0.0,69.08333333333333,0.45915309643674096,0.0,0.0,0.0,447.0,447.0
aci_dqn,ACI_DQN,924.5797825142074,889.9797825142075,0.0,77.97916666666667,0.418135811916624,0.0,0.0,0.0,447.0,447.0
dtaci_dqn,DTACI_DQN,1186.497677640463,1149.097677640463,0.0,106.0625,0.25991807471741635,0.0,0.0,0.0,447.0,447.0
